source,destination,timestamp
NODE 41,NODE 47,2024-03-11 04:10:00
NODE 49,NODE 71,2024-03-12 13:05:00
NODE 68,NODE 91,2024-03-11 13:10:00
NODE 90,NODE 15,2024-03-12 16:00:00
NODE 74,NODE 81,2024-03-12 04:20:00
NODE 66,NODE 7,2024-03-10 20:05:00
NODE 37,NODE 35,2024-03-12 18:15:00
NODE 90,NODE 78,2024-03-10 13:50:00
NODE 12,NODE 9,2024-03-11 09:35:00
NODE 83,NODE 76,2024-03-11 03:25:00
NODE 63,NODE 35,2024-03-11 08:15:00
NODE 11,NODE 71,2024-03-11 05:50:00
NODE 52,NODE 94,2024-03-12 15:15:00
NODE 10,NODE 58,2024-03-12 16:15:00
NODE 27,NODE 77,2024-03-11 10:00:00
NODE 58,NODE 34,2024-03-11 21:05:00
NODE 49,NODE 85,2024-03-10 04:45:00
NODE 28,NODE 93,2024-03-10 22:25:00
NODE 12,NODE 86,2024-03-11 09:20:00
NODE 95,NODE 18,2024-03-12 04:10:00
NODE 36,NODE 2,2024-03-11 07:05:00
NODE 18,NODE 25,2024-03-13 04:15:00
NODE 51,NODE 76,2024-03-10 03:10:00
NODE 74,NODE 96,2024-03-12 07:15:00
NODE 4,NODE 34,2024-03-10 12:00:00
NODE 93,NODE 89,2024-03-10 18:45:00
NODE 7,NODE 57,2024-03-11 03:35:00
NODE 93,NODE 86,2024-03-10 18:50:00
NODE 73,NODE 79,2024-03-11 20:35:00
NODE 5,NODE 89,2024-03-10 20:50:00
NODE 29,NODE 52,2024-03-10 14:45:00
NODE 90,NODE 38,2024-03-11 05:45:00
NODE 96,NODE 45,2024-03-12 23:10:00
NODE 72,NODE 44,2024-03-10 09:20:00
NODE 50,NODE 13,2024-03-11 18:20:00
NODE 69,NODE 74,2024-03-11 12:45:00
NODE 92,NODE 33,2024-03-10 13:35:00
NODE 96,NODE 42,2024-03-12 04:20:00
NODE 82,NODE 51,2024-03-11 15:50:00
NODE 88,NODE 0,2024-03-11 06:30:00
NODE 19,NODE 68,2024-03-11 05:50:00
NODE 17,NODE 74,2024-03-10 23:20:00
NODE 23,NODE 52,2024-03-10 00:00:00
NODE 21,NODE 95,2024-03-13 09:40:00
NODE 0,NODE 33,2024-03-12 23:10:00
NODE 17,NODE 86,2024-03-10 11:35:00
NODE 96,NODE 14,2024-03-11 07:55:00
NODE 19,NODE 48,2024-03-12 15:45:00
NODE 88,NODE 79,2024-03-12 17:00:00
NODE 12,NODE 59,2024-03-10 03:50:00
NODE 45,NODE 9,2024-03-12 22:25:00
NODE 91,NODE 46,2024-03-10 16:20:00
NODE 74,NODE 76,2024-03-10 12:20:00
NODE 3,NODE 16,2024-03-11 15:05:00
NODE 10,NODE 58,2024-03-13 03:15:00
NODE 53,NODE 36,2024-03-12 23:15:00
NODE 12,NODE 27,2024-03-13 09:10:00
NODE 73,NODE 59,2024-03-11 17:50:00
NODE 74,NODE 29,2024-03-10 21:00:00
NODE 94,NODE 9,2024-03-11 21:00:00
NODE 2,NODE 42,2024-03-11 01:45:00
NODE 65,NODE 89,2024-03-11 13:10:00
NODE 5,NODE 67,2024-03-11 03:45:00
NODE 31,NODE 3,2024-03-12 13:10:00
NODE 69,NODE 77,2024-03-12 08:30:00
NODE 28,NODE 74,2024-03-12 01:50:00
NODE 59,NODE 69,2024-03-12 00:45:00
NODE 27,NODE 87,2024-03-10 08:20:00
NODE 76,NODE 20,2024-03-10 13:50:00
NODE 21,NODE 59,2024-03-10 11:40:00
NODE 39,NODE 60,2024-03-10 17:25:00
NODE 64,NODE 24,2024-03-13 04:55:00
NODE 22,NODE 92,2024-03-13 01:10:00
NODE 79,NODE 7,2024-03-12 15:05:00
NODE 84,NODE 59,2024-03-13 08:25:00
NODE 93,NODE 78,2024-03-11 01:15:00
NODE 13,NODE 44,2024-03-12 17:15:00
NODE 91,NODE 25,2024-03-12 08:35:00
NODE 59,NODE 23,2024-03-10 21:55:00
NODE 80,NODE 93,2024-03-13 02:15:00
NODE 81,NODE 99,2024-03-11 18:05:00
NODE 86,NODE 66,2024-03-11 23:15:00
NODE 42,NODE 18,2024-03-12 18:55:00
NODE 40,NODE 74,2024-03-10 07:30:00
NODE 34,NODE 98,2024-03-12 12:50:00
NODE 45,NODE 49,2024-03-10 02:00:00
NODE 85,NODE 77,2024-03-10 09:30:00
NODE 15,NODE 29,2024-03-10 06:15:00
NODE 68,NODE 85,2024-03-12 07:00:00
NODE 52,NODE 27,2024-03-12 04:15:00
NODE 85,NODE 72,2024-03-12 20:30:00
NODE 66,NODE 61,2024-03-13 00:15:00
NODE 34,NODE 71,2024-03-13 04:20:00
NODE 80,NODE 65,2024-03-12 21:45:00
NODE 98,NODE 52,2024-03-11 09:15:00
NODE 5,NODE 84,2024-03-12 11:35:00
NODE 78,NODE 88,2024-03-13 09:50:00
NODE 43,NODE 83,2024-03-10 11:50:00
NODE 75,NODE 36,2024-03-12 08:50:00
NODE 3,NODE 7,2024-03-13 06:55:00
NODE 45,NODE 56,2024-03-11 19:20:00
NODE 71,NODE 19,2024-03-11 15:20:00
NODE 2,NODE 4,2024-03-12 22:45:00
NODE 55,NODE 23,2024-03-13 08:35:00
NODE 76,NODE 13,2024-03-12 19:40:00
NODE 94,NODE 9,2024-03-10 11:05:00
NODE 92,NODE 1,2024-03-12 17:20:00
NODE 53,NODE 24,2024-03-11 18:05:00
NODE 10,NODE 64,2024-03-10 23:00:00
NODE 66,NODE 81,2024-03-12 17:20:00
NODE 22,NODE 92,2024-03-12 11:40:00
NODE 47,NODE 12,2024-03-13 03:15:00
NODE 86,NODE 79,2024-03-12 12:15:00
NODE 87,NODE 59,2024-03-10 13:00:00
NODE 58,NODE 69,2024-03-10 03:50:00
NODE 44,NODE 6,2024-03-12 21:30:00
NODE 32,NODE 17,2024-03-11 02:20:00
NODE 53,NODE 27,2024-03-12 00:50:00
NODE 93,NODE 92,2024-03-11 18:20:00
NODE 82,NODE 8,2024-03-11 23:45:00
NODE 37,NODE 83,2024-03-11 11:15:00
NODE 82,NODE 86,2024-03-12 18:55:00
NODE 51,NODE 93,2024-03-12 14:20:00
NODE 46,NODE 71,2024-03-13 02:40:00
NODE 12,NODE 97,2024-03-10 03:50:00
NODE 85,NODE 40,2024-03-10 06:05:00
NODE 28,NODE 1,2024-03-11 00:20:00
NODE 90,NODE 66,2024-03-11 16:05:00
NODE 82,NODE 75,2024-03-10 19:05:00
NODE 37,NODE 50,2024-03-12 00:50:00
NODE 12,NODE 15,2024-03-11 06:55:00
NODE 52,NODE 69,2024-03-13 02:15:00
NODE 52,NODE 3,2024-03-13 00:10:00
NODE 0,NODE 5,2024-03-11 20:25:00
NODE 4,NODE 62,2024-03-10 19:15:00
NODE 44,NODE 26,2024-03-12 20:30:00
NODE 72,NODE 19,2024-03-11 00:15:00
NODE 86,NODE 26,2024-03-11 11:20:00
NODE 48,NODE 61,2024-03-11 14:25:00
NODE 61,NODE 86,2024-03-11 15:10:00
NODE 72,NODE 77,2024-03-13 00:15:00
NODE 86,NODE 4,2024-03-12 03:30:00
NODE 22,NODE 20,2024-03-11 05:35:00
NODE 90,NODE 71,2024-03-12 02:30:00
NODE 52,NODE 3,2024-03-10 06:40:00
NODE 45,NODE 41,2024-03-10 01:20:00
NODE 56,NODE 53,2024-03-12 18:50:00
NODE 62,NODE 64,2024-03-12 11:20:00
NODE 50,NODE 57,2024-03-12 09:45:00
NODE 98,NODE 48,2024-03-12 07:55:00
NODE 53,NODE 72,2024-03-10 13:35:00
NODE 50,NODE 73,2024-03-12 09:45:00
NODE 47,NODE 4,2024-03-13 01:55:00
NODE 50,NODE 46,2024-03-10 16:30:00
NODE 19,NODE 52,2024-03-10 14:25:00
NODE 47,NODE 80,2024-03-11 20:55:00
NODE 99,NODE 27,2024-03-10 21:20:00
NODE 22,NODE 55,2024-03-12 16:05:00
NODE 75,NODE 28,2024-03-10 18:05:00
NODE 79,NODE 74,2024-03-13 05:25:00
NODE 71,NODE 86,2024-03-10 13:10:00
NODE 29,NODE 49,2024-03-12 05:05:00
NODE 55,NODE 27,2024-03-13 10:05:00
NODE 95,NODE 35,2024-03-12 01:40:00
NODE 18,NODE 90,2024-03-11 01:55:00
NODE 87,NODE 11,2024-03-13 05:55:00
NODE 76,NODE 73,2024-03-12 14:15:00
NODE 38,NODE 41,2024-03-10 08:25:00
NODE 79,NODE 71,2024-03-10 18:05:00
NODE 80,NODE 55,2024-03-10 16:45:00
NODE 30,NODE 40,2024-03-11 09:20:00
NODE 31,NODE 61,2024-03-13 02:50:00
NODE 56,NODE 38,2024-03-10 10:10:00
NODE 47,NODE 63,2024-03-12 04:15:00
NODE 20,NODE 29,2024-03-12 21:10:00
NODE 39,NODE 60,2024-03-11 02:05:00
NODE 2,NODE 94,2024-03-11 18:50:00
NODE 13,NODE 32,2024-03-10 18:25:00
NODE 32,NODE 95,2024-03-11 09:00:00
NODE 64,NODE 57,2024-03-11 12:05:00
NODE 94,NODE 86,2024-03-12 22:20:00
NODE 67,NODE 91,2024-03-13 10:45:00
NODE 40,NODE 48,2024-03-11 21:05:00
NODE 88,NODE 70,2024-03-10 17:00:00
NODE 78,NODE 92,2024-03-10 11:05:00
NODE 68,NODE 76,2024-03-10 19:50:00
NODE 41,NODE 34,2024-03-11 15:45:00
NODE 55,NODE 3,2024-03-12 05:45:00
NODE 64,NODE 82,2024-03-11 09:55:00
NODE 79,NODE 94,2024-03-12 06:45:00
NODE 88,NODE 31,2024-03-10 15:40:00
NODE 25,NODE 72,2024-03-10 13:35:00
NODE 88,NODE 52,2024-03-12 18:15:00
NODE 91,NODE 72,2024-03-13 10:45:00
NODE 64,NODE 53,2024-03-11 14:45:00
NODE 90,NODE 35,2024-03-11 01:30:00
NODE 37,NODE 46,2024-03-12 01:50:00
NODE 21,NODE 22,2024-03-10 12:15:00
NODE 68,NODE 64,2024-03-12 22:30:00
NODE 81,NODE 96,2024-03-12 05:05:00
NODE 43,NODE 78,2024-03-11 13:40:00
NODE 85,NODE 65,2024-03-10 10:55:00
NODE 40,NODE 13,2024-03-10 15:20:00
NODE 33,NODE 22,2024-03-10 21:50:00
NODE 60,NODE 72,2024-03-10 11:15:00
NODE 25,NODE 82,2024-03-12 00:10:00
NODE 75,NODE 83,2024-03-10 20:50:00
NODE 53,NODE 36,2024-03-12 12:35:00
NODE 42,NODE 75,2024-03-12 07:05:00
NODE 46,NODE 99,2024-03-11 02:00:00
NODE 74,NODE 48,2024-03-11 04:10:00
NODE 86,NODE 89,2024-03-12 09:35:00
NODE 63,NODE 10,2024-03-13 01:30:00
NODE 20,NODE 22,2024-03-12 23:15:00
NODE 74,NODE 82,2024-03-11 05:25:00
NODE 27,NODE 53,2024-03-10 18:35:00
NODE 15,NODE 59,2024-03-13 04:35:00
NODE 52,NODE 16,2024-03-12 20:30:00
NODE 81,NODE 42,2024-03-13 08:30:00
NODE 9,NODE 38,2024-03-11 20:45:00
NODE 2,NODE 64,2024-03-11 03:40:00
NODE 32,NODE 12,2024-03-11 10:50:00
NODE 73,NODE 17,2024-03-12 04:50:00
NODE 78,NODE 56,2024-03-12 05:05:00
NODE 37,NODE 13,2024-03-11 06:55:00
NODE 9,NODE 45,2024-03-10 16:10:00
NODE 78,NODE 74,2024-03-11 13:45:00
NODE 41,NODE 69,2024-03-12 10:40:00
NODE 16,NODE 3,2024-03-12 10:15:00
NODE 59,NODE 94,2024-03-13 10:15:00
NODE 45,NODE 74,2024-03-10 16:05:00
NODE 97,NODE 96,2024-03-13 06:55:00
NODE 18,NODE 28,2024-03-13 09:55:00
NODE 93,NODE 52,2024-03-13 07:30:00
NODE 17,NODE 96,2024-03-12 00:20:00
NODE 76,NODE 1,2024-03-10 05:35:00
NODE 20,NODE 7,2024-03-10 21:50:00
NODE 27,NODE 42,2024-03-12 12:40:00
NODE 50,NODE 43,2024-03-10 23:55:00
NODE 51,NODE 79,2024-03-12 02:15:00
NODE 3,NODE 50,2024-03-10 05:35:00
NODE 64,NODE 44,2024-03-12 04:15:00
NODE 32,NODE 10,2024-03-11 07:55:00
NODE 5,NODE 44,2024-03-12 23:05:00
NODE 98,NODE 17,2024-03-13 04:10:00
NODE 87,NODE 42,2024-03-10 08:55:00
NODE 83,NODE 21,2024-03-10 20:40:00
NODE 0,NODE 9,2024-03-13 06:50:00
NODE 34,NODE 92,2024-03-11 14:00:00
NODE 63,NODE 50,2024-03-11 21:40:00
NODE 81,NODE 51,2024-03-13 00:00:00
NODE 46,NODE 63,2024-03-11 01:45:00
NODE 46,NODE 12,2024-03-10 23:50:00
NODE 70,NODE 22,2024-03-12 02:55:00
NODE 5,NODE 57,2024-03-10 10:50:00
NODE 33,NODE 63,2024-03-10 15:45:00
NODE 6,NODE 95,2024-03-11 07:35:00
NODE 20,NODE 72,2024-03-13 01:25:00
NODE 48,NODE 34,2024-03-10 21:25:00
NODE 41,NODE 34,2024-03-10 16:05:00
NODE 92,NODE 5,2024-03-10 14:00:00
NODE 23,NODE 42,2024-03-10 11:20:00
NODE 44,NODE 67,2024-03-10 19:50:00
NODE 14,NODE 36,2024-03-12 21:45:00
NODE 11,NODE 74,2024-03-13 07:35:00
NODE 78,NODE 31,2024-03-12 04:30:00
NODE 38,NODE 36,2024-03-10 13:40:00
NODE 83,NODE 22,2024-03-12 03:50:00
NODE 74,NODE 71,2024-03-10 09:20:00
NODE 79,NODE 78,2024-03-10 13:05:00
NODE 17,NODE 14,2024-03-12 02:40:00
NODE 70,NODE 15,2024-03-11 09:30:00
NODE 75,NODE 36,2024-03-12 08:35:00
NODE 31,NODE 28,2024-03-12 22:40:00
NODE 49,NODE 88,2024-03-11 02:35:00
NODE 50,NODE 98,2024-03-11 11:05:00
NODE 44,NODE 60,2024-03-12 15:00:00
NODE 83,NODE 97,2024-03-10 12:00:00
NODE 85,NODE 57,2024-03-10 10:50:00
NODE 42,NODE 91,2024-03-10 01:40:00
NODE 42,NODE 66,2024-03-12 13:30:00
NODE 54,NODE 57,2024-03-12 07:30:00
NODE 93,NODE 9,2024-03-10 10:40:00
NODE 25,NODE 62,2024-03-13 08:20:00
NODE 14,NODE 59,2024-03-12 11:30:00
NODE 64,NODE 70,2024-03-13 00:05:00
NODE 14,NODE 13,2024-03-11 02:45:00
NODE 81,NODE 16,2024-03-11 13:35:00
NODE 51,NODE 9,2024-03-11 16:35:00
NODE 83,NODE 99,2024-03-13 05:40:00
NODE 50,NODE 90,2024-03-12 01:40:00
NODE 55,NODE 64,2024-03-13 08:35:00
NODE 36,NODE 14,2024-03-10 07:50:00
NODE 65,NODE 46,2024-03-10 08:00:00
NODE 12,NODE 15,2024-03-13 00:05:00
NODE 77,NODE 43,2024-03-10 21:45:00
NODE 23,NODE 83,2024-03-10 21:40:00
NODE 48,NODE 40,2024-03-12 10:05:00
NODE 89,NODE 85,2024-03-10 04:05:00
NODE 35,NODE 5,2024-03-12 13:45:00
NODE 83,NODE 74,2024-03-12 22:00:00
NODE 81,NODE 33,2024-03-10 10:40:00
NODE 56,NODE 14,2024-03-11 18:25:00
NODE 27,NODE 76,2024-03-10 10:40:00
NODE 17,NODE 33,2024-03-12 15:25:00
NODE 12,NODE 62,2024-03-11 19:10:00
NODE 7,NODE 4,2024-03-12 09:40:00
NODE 48,NODE 56,2024-03-11 21:10:00
NODE 35,NODE 45,2024-03-12 05:50:00
NODE 67,NODE 27,2024-03-10 12:15:00
NODE 92,NODE 51,2024-03-11 06:15:00
NODE 90,NODE 44,2024-03-10 23:50:00
NODE 58,NODE 30,2024-03-10 17:10:00
NODE 20,NODE 44,2024-03-12 02:20:00
NODE 53,NODE 80,2024-03-11 23:20:00
NODE 14,NODE 90,2024-03-13 08:50:00
NODE 76,NODE 89,2024-03-12 14:20:00
NODE 90,NODE 99,2024-03-13 10:15:00
NODE 15,NODE 8,2024-03-12 01:30:00
NODE 10,NODE 99,2024-03-11 18:55:00
NODE 81,NODE 26,2024-03-11 07:25:00
NODE 9,NODE 82,2024-03-11 05:10:00
NODE 72,NODE 50,2024-03-13 04:35:00
NODE 77,NODE 31,2024-03-12 06:05:00
NODE 58,NODE 42,2024-03-10 10:30:00
NODE 13,NODE 95,2024-03-10 18:25:00
NODE 94,NODE 24,2024-03-11 10:10:00
NODE 61,NODE 45,2024-03-11 22:55:00
NODE 62,NODE 6,2024-03-13 01:15:00
NODE 5,NODE 18,2024-03-11 16:20:00
NODE 48,NODE 27,2024-03-11 02:40:00
NODE 53,NODE 9,2024-03-11 03:05:00
NODE 41,NODE 26,2024-03-11 00:55:00
NODE 59,NODE 81,2024-03-13 04:20:00
NODE 65,NODE 93,2024-03-12 15:00:00
NODE 25,NODE 32,2024-03-12 09:00:00
NODE 91,NODE 2,2024-03-10 14:40:00
NODE 78,NODE 13,2024-03-10 04:50:00
NODE 73,NODE 11,2024-03-12 11:50:00
NODE 41,NODE 99,2024-03-13 08:35:00
NODE 51,NODE 8,2024-03-13 04:30:00
NODE 58,NODE 30,2024-03-10 05:55:00
NODE 81,NODE 42,2024-03-11 19:20:00
NODE 86,NODE 61,2024-03-12 14:50:00
NODE 92,NODE 11,2024-03-11 16:50:00
NODE 27,NODE 58,2024-03-13 07:50:00
NODE 39,NODE 87,2024-03-11 22:30:00
NODE 44,NODE 45,2024-03-13 05:45:00
NODE 29,NODE 95,2024-03-12 22:05:00
NODE 55,NODE 42,2024-03-13 02:25:00
NODE 79,NODE 16,2024-03-11 02:45:00
NODE 54,NODE 42,2024-03-11 06:40:00
NODE 79,NODE 99,2024-03-11 20:30:00
NODE 2,NODE 99,2024-03-11 04:05:00
NODE 77,NODE 47,2024-03-11 10:40:00
NODE 59,NODE 42,2024-03-13 00:45:00
NODE 71,NODE 0,2024-03-13 07:20:00
NODE 67,NODE 47,2024-03-12 10:20:00
NODE 11,NODE 89,2024-03-12 19:20:00
NODE 58,NODE 90,2024-03-10 09:35:00
NODE 12,NODE 7,2024-03-10 11:25:00
NODE 98,NODE 8,2024-03-10 02:55:00
NODE 7,NODE 28,2024-03-11 07:40:00
NODE 31,NODE 49,2024-03-13 02:20:00
NODE 75,NODE 63,2024-03-13 08:40:00
NODE 29,NODE 83,2024-03-11 15:15:00
NODE 67,NODE 81,2024-03-10 16:50:00
NODE 26,NODE 61,2024-03-10 07:55:00
NODE 59,NODE 38,2024-03-10 18:40:00
NODE 88,NODE 10,2024-03-12 19:00:00
NODE 17,NODE 97,2024-03-11 21:45:00
NODE 34,NODE 40,2024-03-12 17:30:00
NODE 41,NODE 8,2024-03-10 23:15:00
NODE 46,NODE 99,2024-03-13 06:50:00
NODE 2,NODE 0,2024-03-11 12:15:00
NODE 17,NODE 75,2024-03-10 14:10:00
NODE 11,NODE 8,2024-03-11 08:05:00
NODE 9,NODE 49,2024-03-13 00:20:00
NODE 25,NODE 93,2024-03-10 15:15:00
NODE 7,NODE 22,2024-03-11 13:00:00
NODE 85,NODE 32,2024-03-11 21:55:00
NODE 64,NODE 94,2024-03-10 07:30:00
NODE 43,NODE 99,2024-03-13 09:10:00
NODE 14,NODE 40,2024-03-11 02:50:00
NODE 13,NODE 91,2024-03-13 04:15:00
NODE 71,NODE 1,2024-03-10 20:25:00
NODE 45,NODE 61,2024-03-10 05:40:00
NODE 25,NODE 93,2024-03-12 13:05:00
NODE 71,NODE 32,2024-03-10 04:25:00
NODE 44,NODE 59,2024-03-11 22:10:00
NODE 21,NODE 79,2024-03-13 03:20:00
NODE 76,NODE 30,2024-03-13 05:45:00
NODE 79,NODE 68,2024-03-11 11:10:00
NODE 20,NODE 8,2024-03-13 01:20:00
NODE 60,NODE 63,2024-03-12 00:30:00
NODE 63,NODE 0,2024-03-11 04:35:00
NODE 45,NODE 53,2024-03-12 04:25:00
NODE 4,NODE 94,2024-03-12 15:50:00
NODE 66,NODE 83,2024-03-13 10:05:00
NODE 65,NODE 35,2024-03-13 09:30:00
NODE 70,NODE 8,2024-03-10 14:50:00
NODE 53,NODE 98,2024-03-12 00:00:00
NODE 96,NODE 25,2024-03-11 08:30:00
NODE 15,NODE 8,2024-03-10 00:55:00
NODE 13,NODE 91,2024-03-12 18:15:00
NODE 86,NODE 54,2024-03-12 13:30:00
NODE 64,NODE 94,2024-03-11 05:00:00
NODE 70,NODE 82,2024-03-13 08:50:00
NODE 98,NODE 69,2024-03-12 06:20:00
NODE 86,NODE 4,2024-03-11 16:50:00
NODE 13,NODE 19,2024-03-12 12:05:00
NODE 85,NODE 57,2024-03-10 19:30:00
NODE 37,NODE 63,2024-03-12 02:15:00
NODE 66,NODE 86,2024-03-11 17:15:00
NODE 26,NODE 43,2024-03-10 16:45:00
NODE 64,NODE 82,2024-03-10 00:05:00
NODE 11,NODE 69,2024-03-12 04:25:00
NODE 8,NODE 63,2024-03-13 05:20:00
NODE 6,NODE 7,2024-03-10 01:35:00
NODE 9,NODE 43,2024-03-10 12:30:00
NODE 91,NODE 41,2024-03-10 07:30:00
NODE 76,NODE 97,2024-03-12 22:40:00
NODE 54,NODE 46,2024-03-11 02:10:00
NODE 57,NODE 35,2024-03-10 08:40:00
NODE 66,NODE 83,2024-03-12 22:50:00
NODE 10,NODE 23,2024-03-10 22:05:00
NODE 58,NODE 84,2024-03-11 17:05:00
NODE 49,NODE 13,2024-03-11 06:10:00
NODE 80,NODE 67,2024-03-10 22:15:00
NODE 38,NODE 24,2024-03-11 18:35:00
NODE 9,NODE 82,2024-03-11 18:25:00
NODE 77,NODE 15,2024-03-13 02:45:00
NODE 29,NODE 82,2024-03-10 13:15:00
NODE 5,NODE 86,2024-03-12 12:35:00
NODE 67,NODE 27,2024-03-11 14:15:00
NODE 15,NODE 13,2024-03-11 21:10:00
NODE 82,NODE 26,2024-03-11 17:40:00
NODE 38,NODE 40,2024-03-11 15:15:00
NODE 41,NODE 24,2024-03-10 06:05:00
NODE 46,NODE 31,2024-03-12 07:15:00
NODE 39,NODE 76,2024-03-11 08:10:00
NODE 22,NODE 87,2024-03-11 08:05:00
NODE 34,NODE 16,2024-03-10 21:15:00
NODE 47,NODE 68,2024-03-12 19:25:00
NODE 45,NODE 55,2024-03-12 10:00:00
NODE 32,NODE 68,2024-03-11 18:05:00
NODE 28,NODE 83,2024-03-11 03:50:00
NODE 14,NODE 18,2024-03-13 08:55:00
NODE 62,NODE 80,2024-03-11 15:05:00
NODE 32,NODE 5,2024-03-10 09:00:00
NODE 61,NODE 51,2024-03-11 00:15:00
NODE 72,NODE 9,2024-03-10 18:20:00
NODE 10,NODE 35,2024-03-12 15:35:00
NODE 24,NODE 86,2024-03-10 15:05:00
NODE 95,NODE 17,2024-03-10 00:20:00
NODE 95,NODE 4,2024-03-11 09:20:00
NODE 8,NODE 74,2024-03-13 11:15:00
NODE 77,NODE 69,2024-03-13 03:40:00
NODE 75,NODE 0,2024-03-10 20:00:00
NODE 73,NODE 66,2024-03-11 16:25:00
NODE 81,NODE 67,2024-03-11 11:00:00
NODE 12,NODE 65,2024-03-13 01:05:00
NODE 17,NODE 3,2024-03-12 00:00:00
NODE 69,NODE 78,2024-03-11 03:25:00
NODE 54,NODE 20,2024-03-12 04:15:00
NODE 19,NODE 25,2024-03-13 00:55:00
NODE 94,NODE 3,2024-03-11 18:10:00
NODE 71,NODE 67,2024-03-11 07:10:00
NODE 50,NODE 72,2024-03-11 16:30:00
NODE 67,NODE 47,2024-03-11 20:40:00
NODE 10,NODE 47,2024-03-11 23:05:00
NODE 17,NODE 94,2024-03-12 15:55:00
NODE 30,NODE 80,2024-03-13 01:35:00
NODE 35,NODE 8,2024-03-12 06:15:00
NODE 88,NODE 9,2024-03-12 23:05:00
NODE 59,NODE 32,2024-03-11 14:25:00
NODE 66,NODE 4,2024-03-11 06:25:00
NODE 36,NODE 70,2024-03-12 15:20:00
NODE 92,NODE 18,2024-03-12 12:10:00
NODE 60,NODE 63,2024-03-11 09:50:00
NODE 11,NODE 59,2024-03-12 18:40:00
NODE 17,NODE 67,2024-03-13 08:50:00
NODE 95,NODE 64,2024-03-13 08:00:00
NODE 72,NODE 41,2024-03-10 12:15:00
NODE 97,NODE 78,2024-03-10 12:45:00
NODE 14,NODE 55,2024-03-12 15:10:00
NODE 41,NODE 36,2024-03-12 11:25:00
NODE 88,NODE 97,2024-03-12 16:25:00
NODE 10,NODE 24,2024-03-10 06:40:00
NODE 79,NODE 22,2024-03-12 20:40:00
NODE 36,NODE 68,2024-03-10 01:05:00
NODE 11,NODE 30,2024-03-12 06:25:00
NODE 97,NODE 30,2024-03-11 00:05:00
NODE 60,NODE 40,2024-03-12 12:40:00
NODE 63,NODE 9,2024-03-12 10:55:00
NODE 46,NODE 92,2024-03-13 03:30:00
NODE 24,NODE 55,2024-03-11 22:45:00
NODE 52,NODE 83,2024-03-11 15:30:00
NODE 62,NODE 85,2024-03-12 22:15:00
NODE 12,NODE 98,2024-03-13 05:00:00
NODE 63,NODE 50,2024-03-12 17:05:00
NODE 81,NODE 4,2024-03-12 10:10:00
NODE 52,NODE 65,2024-03-13 02:20:00
NODE 63,NODE 95,2024-03-12 09:55:00
NODE 47,NODE 32,2024-03-10 00:40:00
NODE 40,NODE 5,2024-03-12 13:20:00
NODE 47,NODE 85,2024-03-10 20:55:00
NODE 17,NODE 54,2024-03-12 20:00:00
NODE 17,NODE 52,2024-03-11 04:00:00
NODE 41,NODE 71,2024-03-10 10:20:00
NODE 83,NODE 95,2024-03-12 20:55:00
NODE 1,NODE 80,2024-03-13 04:10:00
NODE 18,NODE 55,2024-03-10 06:20:00
NODE 91,NODE 84,2024-03-11 06:35:00
NODE 91,NODE 53,2024-03-12 06:30:00
NODE 43,NODE 68,2024-03-10 21:10:00
NODE 22,NODE 44,2024-03-12 10:35:00
NODE 89,NODE 99,2024-03-10 22:20:00
NODE 31,NODE 89,2024-03-11 22:05:00
NODE 20,NODE 67,2024-03-10 21:00:00
NODE 31,NODE 71,2024-03-12 04:10:00
NODE 50,NODE 84,2024-03-12 23:10:00
NODE 69,NODE 50,2024-03-10 15:00:00
NODE 7,NODE 13,2024-03-13 00:00:00
NODE 6,NODE 9,2024-03-12 11:30:00
NODE 6,NODE 76,2024-03-11 02:55:00
NODE 34,NODE 81,2024-03-10 17:55:00
NODE 49,NODE 67,2024-03-11 08:55:00
NODE 33,NODE 87,2024-03-11 06:40:00
NODE 17,NODE 97,2024-03-11 20:50:00
NODE 81,NODE 99,2024-03-10 19:55:00
NODE 2,NODE 6,2024-03-13 04:35:00
NODE 99,NODE 84,2024-03-13 00:15:00
NODE 40,NODE 35,2024-03-10 08:45:00
NODE 99,NODE 63,2024-03-12 22:40:00
NODE 11,NODE 75,2024-03-10 06:50:00
NODE 98,NODE 89,2024-03-13 04:00:00
NODE 74,NODE 24,2024-03-12 07:50:00
NODE 76,NODE 10,2024-03-12 14:40:00
NODE 75,NODE 1,2024-03-12 00:35:00
NODE 23,NODE 1,2024-03-10 12:40:00
NODE 75,NODE 86,2024-03-12 13:10:00
NODE 43,NODE 4,2024-03-11 17:40:00
NODE 69,NODE 45,2024-03-12 22:05:00
NODE 61,NODE 78,2024-03-13 08:15:00
NODE 34,NODE 15,2024-03-12 18:20:00
NODE 84,NODE 21,2024-03-11 14:30:00
NODE 60,NODE 41,2024-03-11 19:15:00
NODE 68,NODE 0,2024-03-13 06:25:00
NODE 27,NODE 0,2024-03-12 10:50:00
NODE 93,NODE 89,2024-03-11 10:35:00
NODE 37,NODE 43,2024-03-10 04:45:00
NODE 19,NODE 14,2024-03-11 16:40:00
NODE 2,NODE 22,2024-03-12 14:50:00
NODE 79,NODE 89,2024-03-11 18:10:00
NODE 16,NODE 57,2024-03-10 16:20:00
NODE 6,NODE 16,2024-03-10 13:50:00
NODE 89,NODE 80,2024-03-10 12:25:00
NODE 2,NODE 1,2024-03-13 08:10:00
NODE 14,NODE 26,2024-03-10 16:30:00
NODE 5,NODE 27,2024-03-11 17:10:00
NODE 27,NODE 36,2024-03-11 10:20:00
NODE 20,NODE 19,2024-03-10 10:50:00
NODE 69,NODE 31,2024-03-11 09:05:00
NODE 8,NODE 76,2024-03-11 06:25:00
NODE 65,NODE 9,2024-03-12 18:10:00
NODE 77,NODE 73,2024-03-10 08:15:00
NODE 91,NODE 20,2024-03-11 14:45:00
NODE 20,NODE 13,2024-03-10 10:50:00
NODE 84,NODE 0,2024-03-13 02:25:00
NODE 48,NODE 45,2024-03-10 08:00:00
NODE 93,NODE 45,2024-03-11 14:30:00
NODE 19,NODE 57,2024-03-10 23:30:00
NODE 25,NODE 0,2024-03-10 23:15:00
NODE 28,NODE 97,2024-03-10 04:40:00
NODE 41,NODE 35,2024-03-13 07:45:00
NODE 52,NODE 47,2024-03-11 00:25:00
NODE 55,NODE 25,2024-03-12 11:15:00
NODE 43,NODE 96,2024-03-12 02:15:00
NODE 56,NODE 36,2024-03-11 11:05:00
NODE 60,NODE 81,2024-03-10 16:00:00
NODE 57,NODE 44,2024-03-11 13:40:00
NODE 59,NODE 69,2024-03-11 12:55:00
NODE 54,NODE 77,2024-03-10 09:05:00
NODE 52,NODE 86,2024-03-11 10:55:00
NODE 69,NODE 46,2024-03-13 06:35:00
NODE 16,NODE 95,2024-03-13 03:55:00
NODE 99,NODE 0,2024-03-10 13:50:00
NODE 15,NODE 90,2024-03-10 23:20:00
NODE 65,NODE 24,2024-03-10 14:20:00
NODE 70,NODE 3,2024-03-13 08:50:00
NODE 73,NODE 96,2024-03-13 08:10:00
NODE 87,NODE 92,2024-03-10 20:15:00
NODE 64,NODE 30,2024-03-11 03:25:00
NODE 86,NODE 57,2024-03-10 20:45:00
NODE 3,NODE 36,2024-03-12 02:05:00
NODE 3,NODE 58,2024-03-10 16:05:00
NODE 77,NODE 43,2024-03-11 03:30:00
NODE 89,NODE 30,2024-03-11 23:55:00
NODE 33,NODE 51,2024-03-12 17:05:00
NODE 54,NODE 42,2024-03-10 19:40:00
NODE 60,NODE 94,2024-03-11 02:55:00
NODE 99,NODE 34,2024-03-10 15:05:00
NODE 39,NODE 96,2024-03-10 23:50:00
NODE 94,NODE 51,2024-03-12 01:05:00
NODE 79,NODE 38,2024-03-12 01:40:00
NODE 66,NODE 2,2024-03-10 19:25:00
NODE 92,NODE 8,2024-03-11 23:00:00
NODE 68,NODE 2,2024-03-11 18:10:00
NODE 82,NODE 36,2024-03-12 18:00:00
NODE 6,NODE 38,2024-03-10 21:00:00
NODE 75,NODE 10,2024-03-12 13:35:00
NODE 45,NODE 15,2024-03-13 01:00:00
NODE 99,NODE 78,2024-03-12 10:10:00
NODE 66,NODE 96,2024-03-11 13:55:00
NODE 96,NODE 16,2024-03-11 09:45:00
NODE 37,NODE 3,2024-03-10 20:45:00
NODE 63,NODE 3,2024-03-12 21:05:00
NODE 6,NODE 21,2024-03-10 15:15:00
NODE 18,NODE 48,2024-03-11 18:35:00
NODE 9,NODE 73,2024-03-12 05:25:00
NODE 2,NODE 96,2024-03-12 00:30:00
NODE 66,NODE 35,2024-03-10 23:55:00
NODE 81,NODE 73,2024-03-13 09:45:00
NODE 24,NODE 19,2024-03-11 16:50:00
NODE 28,NODE 5,2024-03-11 12:35:00
NODE 92,NODE 76,2024-03-13 07:35:00
NODE 77,NODE 62,2024-03-12 17:15:00
NODE 66,NODE 15,2024-03-11 13:55:00
NODE 28,NODE 40,2024-03-11 11:30:00
NODE 68,NODE 84,2024-03-10 11:50:00
NODE 17,NODE 75,2024-03-13 07:35:00
NODE 75,NODE 70,2024-03-12 11:50:00
NODE 33,NODE 63,2024-03-10 10:45:00
NODE 47,NODE 97,2024-03-11 17:40:00
NODE 64,NODE 89,2024-03-11 07:55:00
NODE 58,NODE 52,2024-03-10 15:10:00
NODE 54,NODE 48,2024-03-10 03:45:00
NODE 75,NODE 0,2024-03-12 02:50:00
NODE 45,NODE 4,2024-03-11 03:25:00
NODE 34,NODE 81,2024-03-13 10:20:00
NODE 85,NODE 65,2024-03-10 07:45:00
NODE 53,NODE 47,2024-03-10 03:40:00
NODE 53,NODE 43,2024-03-11 06:45:00
NODE 32,NODE 16,2024-03-12 09:50:00
NODE 4,NODE 27,2024-03-10 09:35:00
NODE 73,NODE 19,2024-03-11 15:35:00
NODE 79,NODE 78,2024-03-12 04:55:00
NODE 7,NODE 37,2024-03-10 20:50:00
NODE 3,NODE 37,2024-03-11 16:20:00
NODE 8,NODE 98,2024-03-11 04:10:00
NODE 48,NODE 33,2024-03-10 17:55:00
NODE 65,NODE 42,2024-03-12 05:30:00
NODE 24,NODE 66,2024-03-10 04:45:00
NODE 41,NODE 11,2024-03-12 21:05:00
NODE 5,NODE 72,2024-03-10 21:55:00
NODE 99,NODE 96,2024-03-13 02:25:00
NODE 99,NODE 84,2024-03-12 06:20:00
NODE 44,NODE 48,2024-03-10 11:25:00
NODE 68,NODE 28,2024-03-12 15:45:00
NODE 82,NODE 13,2024-03-11 17:20:00
NODE 38,NODE 13,2024-03-11 10:25:00
NODE 23,NODE 66,2024-03-10 03:40:00
NODE 93,NODE 59,2024-03-12 07:10:00
NODE 19,NODE 89,2024-03-11 15:35:00
NODE 35,NODE 8,2024-03-12 22:30:00
NODE 92,NODE 13,2024-03-10 08:05:00
NODE 63,NODE 79,2024-03-13 09:25:00
NODE 11,NODE 12,2024-03-12 10:45:00
NODE 31,NODE 97,2024-03-13 00:40:00
NODE 77,NODE 28,2024-03-10 12:30:00
NODE 77,NODE 98,2024-03-11 14:20:00
NODE 47,NODE 24,2024-03-11 16:55:00
NODE 88,NODE 54,2024-03-10 22:20:00
NODE 45,NODE 63,2024-03-12 22:50:00
NODE 29,NODE 44,2024-03-12 13:55:00
NODE 57,NODE 61,2024-03-12 11:25:00
NODE 79,NODE 28,2024-03-13 09:35:00
NODE 88,NODE 36,2024-03-10 15:50:00
NODE 66,NODE 89,2024-03-12 20:35:00
NODE 27,NODE 33,2024-03-12 18:55:00
NODE 60,NODE 24,2024-03-10 16:35:00
NODE 46,NODE 28,2024-03-13 07:15:00
NODE 89,NODE 36,2024-03-11 18:55:00
NODE 4,NODE 24,2024-03-12 17:40:00
NODE 45,NODE 73,2024-03-11 09:50:00
NODE 11,NODE 59,2024-03-11 22:05:00
NODE 93,NODE 27,2024-03-10 02:20:00
NODE 32,NODE 53,2024-03-13 09:25:00
NODE 97,NODE 15,2024-03-11 08:00:00
NODE 79,NODE 64,2024-03-10 17:20:00
NODE 27,NODE 45,2024-03-10 08:35:00
NODE 63,NODE 62,2024-03-10 08:30:00
NODE 68,NODE 80,2024-03-10 03:15:00
NODE 54,NODE 11,2024-03-13 04:40:00
NODE 92,NODE 22,2024-03-11 14:00:00
NODE 41,NODE 83,2024-03-11 10:40:00
NODE 3,NODE 97,2024-03-13 04:30:00
NODE 97,NODE 36,2024-03-12 03:55:00
NODE 1,NODE 4,2024-03-11 17:40:00
NODE 8,NODE 92,2024-03-11 15:15:00
NODE 67,NODE 80,2024-03-13 07:50:00
NODE 67,NODE 54,2024-03-12 10:55:00
NODE 74,NODE 0,2024-03-11 21:05:00
NODE 76,NODE 79,2024-03-11 12:25:00
NODE 4,NODE 24,2024-03-10 05:20:00
NODE 71,NODE 37,2024-03-10 22:30:00
NODE 46,NODE 58,2024-03-10 04:50:00
NODE 49,NODE 5,2024-03-10 06:15:00
NODE 5,NODE 38,2024-03-10 23:20:00
NODE 97,NODE 39,2024-03-12 20:00:00
NODE 18,NODE 1,2024-03-12 22:55:00
NODE 28,NODE 33,2024-03-10 04:10:00
NODE 93,NODE 73,2024-03-10 13:50:00
NODE 42,NODE 14,2024-03-12 21:20:00
NODE 76,NODE 40,2024-03-13 02:00:00
NODE 16,NODE 5,2024-03-10 13:55:00
NODE 59,NODE 94,2024-03-11 18:50:00
NODE 91,NODE 71,2024-03-13 05:00:00
NODE 82,NODE 49,2024-03-12 08:30:00
NODE 92,NODE 16,2024-03-11 01:25:00
NODE 41,NODE 26,2024-03-11 11:10:00
NODE 36,NODE 69,2024-03-10 10:50:00
NODE 92,NODE 60,2024-03-10 16:55:00
NODE 10,NODE 67,2024-03-12 03:20:00
NODE 99,NODE 61,2024-03-10 09:50:00
NODE 11,NODE 83,2024-03-11 11:45:00
NODE 62,NODE 80,2024-03-10 09:25:00
NODE 88,NODE 59,2024-03-11 11:30:00
NODE 58,NODE 66,2024-03-12 10:15:00
NODE 89,NODE 56,2024-03-11 02:15:00
NODE 65,NODE 29,2024-03-12 17:50:00
NODE 7,NODE 4,2024-03-11 23:00:00
NODE 72,NODE 75,2024-03-12 19:30:00
NODE 13,NODE 1,2024-03-12 18:05:00
NODE 64,NODE 40,2024-03-12 14:30:00
NODE 7,NODE 16,2024-03-10 11:30:00
NODE 13,NODE 45,2024-03-11 04:00:00
NODE 99,NODE 53,2024-03-13 08:05:00
NODE 80,NODE 33,2024-03-11 03:50:00
NODE 94,NODE 1,2024-03-10 19:30:00
NODE 28,NODE 46,2024-03-12 23:45:00
NODE 39,NODE 58,2024-03-10 09:35:00
NODE 73,NODE 75,2024-03-12 23:30:00
NODE 67,NODE 91,2024-03-12 22:45:00
NODE 53,NODE 22,2024-03-12 20:30:00
NODE 82,NODE 41,2024-03-11 20:30:00
NODE 57,NODE 66,2024-03-10 17:20:00
NODE 15,NODE 60,2024-03-12 00:05:00
NODE 4,NODE 2,2024-03-10 08:05:00
NODE 39,NODE 88,2024-03-10 00:00:00
NODE 80,NODE 5,2024-03-10 04:35:00
NODE 29,NODE 19,2024-03-10 02:45:00
NODE 19,NODE 17,2024-03-10 07:20:00
NODE 16,NODE 95,2024-03-12 15:20:00
NODE 94,NODE 54,2024-03-11 12:20:00
NODE 2,NODE 6,2024-03-11 10:05:00
NODE 43,NODE 22,2024-03-10 13:40:00
NODE 7,NODE 1,2024-03-12 08:50:00
NODE 66,NODE 74,2024-03-10 19:00:00
NODE 65,NODE 3,2024-03-10 02:00:00
NODE 27,NODE 16,2024-03-11 18:50:00
NODE 3,NODE 81,2024-03-13 08:50:00
NODE 13,NODE 56,2024-03-10 07:40:00
NODE 39,NODE 3,2024-03-12 05:50:00
NODE 84,NODE 53,2024-03-12 20:15:00
NODE 49,NODE 54,2024-03-13 04:40:00
NODE 56,NODE 61,2024-03-12 03:10:00
NODE 63,NODE 59,2024-03-10 22:40:00
NODE 12,NODE 6,2024-03-11 04:05:00
NODE 31,NODE 74,2024-03-11 20:55:00
NODE 34,NODE 56,2024-03-12 19:15:00
NODE 29,NODE 85,2024-03-12 06:40:00
NODE 0,NODE 85,2024-03-11 20:25:00
NODE 94,NODE 21,2024-03-11 13:35:00
NODE 46,NODE 91,2024-03-11 06:15:00
NODE 35,NODE 62,2024-03-11 03:55:00
NODE 1,NODE 46,2024-03-11 02:50:00
NODE 15,NODE 85,2024-03-10 11:25:00
NODE 11,NODE 83,2024-03-13 03:10:00
NODE 25,NODE 54,2024-03-12 05:55:00
NODE 24,NODE 88,2024-03-10 04:10:00
NODE 14,NODE 66,2024-03-12 14:10:00
NODE 49,NODE 47,2024-03-11 17:10:00
NODE 86,NODE 65,2024-03-12 02:25:00
NODE 43,NODE 70,2024-03-11 05:55:00
NODE 45,NODE 80,2024-03-10 19:10:00
NODE 12,NODE 64,2024-03-10 19:30:00
NODE 15,NODE 34,2024-03-12 21:25:00
NODE 41,NODE 6,2024-03-11 11:50:00
NODE 44,NODE 48,2024-03-11 09:25:00
NODE 21,NODE 37,2024-03-12 06:50:00
NODE 30,NODE 49,2024-03-12 06:50:00
NODE 37,NODE 39,2024-03-12 04:05:00
NODE 46,NODE 45,2024-03-11 16:30:00
NODE 13,NODE 80,2024-03-10 16:00:00
NODE 26,NODE 74,2024-03-10 23:45:00
NODE 81,NODE 18,2024-03-10 12:10:00
NODE 79,NODE 15,2024-03-11 15:50:00
NODE 26,NODE 72,2024-03-12 06:15:00
NODE 31,NODE 95,2024-03-10 06:15:00
NODE 37,NODE 99,2024-03-12 13:15:00
NODE 61,NODE 6,2024-03-12 11:35:00
NODE 7,NODE 47,2024-03-11 00:05:00
NODE 87,NODE 72,2024-03-12 21:50:00
NODE 37,NODE 98,2024-03-12 10:40:00
NODE 63,NODE 48,2024-03-12 18:25:00
NODE 7,NODE 19,2024-03-10 12:55:00
NODE 32,NODE 34,2024-03-12 16:30:00
NODE 99,NODE 60,2024-03-10 07:45:00
NODE 14,NODE 48,2024-03-12 10:45:00
NODE 73,NODE 49,2024-03-10 21:05:00
NODE 54,NODE 19,2024-03-12 07:45:00
NODE 98,NODE 25,2024-03-12 00:20:00
NODE 10,NODE 75,2024-03-12 21:35:00
NODE 36,NODE 72,2024-03-10 03:35:00
NODE 86,NODE 45,2024-03-10 04:00:00
NODE 33,NODE 78,2024-03-11 00:15:00
NODE 35,NODE 74,2024-03-11 07:10:00
NODE 26,NODE 6,2024-03-12 14:40:00
NODE 99,NODE 7,2024-03-10 04:15:00
NODE 40,NODE 72,2024-03-12 01:10:00
NODE 81,NODE 60,2024-03-12 20:55:00
NODE 66,NODE 52,2024-03-11 21:15:00
NODE 7,NODE 8,2024-03-11 21:50:00
NODE 69,NODE 25,2024-03-13 05:00:00
NODE 20,NODE 23,2024-03-11 07:40:00
NODE 91,NODE 98,2024-03-12 10:05:00
NODE 80,NODE 48,2024-03-12 13:45:00
NODE 24,NODE 96,2024-03-11 22:25:00
NODE 89,NODE 75,2024-03-12 04:40:00
NODE 88,NODE 47,2024-03-10 23:30:00
NODE 55,NODE 22,2024-03-10 03:10:00
NODE 43,NODE 60,2024-03-11 00:55:00
NODE 59,NODE 48,2024-03-12 03:50:00
NODE 70,NODE 19,2024-03-10 19:40:00
NODE 26,NODE 20,2024-03-12 02:15:00
NODE 94,NODE 44,2024-03-10 14:40:00
NODE 13,NODE 45,2024-03-10 17:50:00
NODE 91,NODE 4,2024-03-13 05:20:00
NODE 47,NODE 79,2024-03-11 21:45:00
NODE 5,NODE 23,2024-03-12 17:30:00
NODE 58,NODE 78,2024-03-10 09:45:00
NODE 75,NODE 95,2024-03-12 03:35:00
NODE 9,NODE 2,2024-03-13 01:50:00
NODE 68,NODE 38,2024-03-10 00:10:00
NODE 53,NODE 3,2024-03-11 09:35:00
NODE 41,NODE 31,2024-03-12 03:35:00
NODE 27,NODE 96,2024-03-10 03:55:00
NODE 10,NODE 75,2024-03-10 19:15:00
NODE 10,NODE 18,2024-03-12 15:30:00
NODE 8,NODE 78,2024-03-10 12:10:00
NODE 76,NODE 70,2024-03-12 16:15:00
NODE 78,NODE 38,2024-03-10 15:40:00
NODE 59,NODE 38,2024-03-10 08:25:00
NODE 70,NODE 5,2024-03-10 11:25:00
NODE 72,NODE 45,2024-03-10 03:00:00
NODE 32,NODE 34,2024-03-11 15:00:00
NODE 3,NODE 49,2024-03-10 07:55:00
NODE 18,NODE 48,2024-03-12 04:50:00
NODE 89,NODE 5,2024-03-11 07:35:00
NODE 69,NODE 14,2024-03-12 19:50:00
NODE 21,NODE 95,2024-03-12 19:25:00
NODE 86,NODE 5,2024-03-12 12:45:00
NODE 86,NODE 32,2024-03-11 08:45:00
NODE 61,NODE 11,2024-03-12 08:15:00
NODE 32,NODE 48,2024-03-10 05:10:00
NODE 16,NODE 59,2024-03-10 11:30:00
NODE 19,NODE 30,2024-03-11 08:15:00
NODE 17,NODE 4,2024-03-10 08:35:00
NODE 4,NODE 55,2024-03-10 00:50:00
NODE 45,NODE 32,2024-03-11 12:10:00
NODE 63,NODE 88,2024-03-11 06:20:00
NODE 79,NODE 91,2024-03-12 07:10:00
NODE 54,NODE 96,2024-03-10 09:40:00
NODE 29,NODE 5,2024-03-11 04:05:00
NODE 88,NODE 42,2024-03-12 17:20:00
NODE 87,NODE 40,2024-03-13 08:40:00
NODE 54,NODE 49,2024-03-12 02:05:00
NODE 1,NODE 30,2024-03-11 18:05:00
NODE 5,NODE 4,2024-03-11 08:35:00
NODE 32,NODE 73,2024-03-12 10:30:00
NODE 59,NODE 62,2024-03-10 23:20:00
NODE 94,NODE 23,2024-03-10 17:35:00
NODE 99,NODE 13,2024-03-13 02:40:00
NODE 51,NODE 68,2024-03-10 19:45:00
NODE 33,NODE 40,2024-03-13 03:20:00
NODE 72,NODE 65,2024-03-13 05:10:00
NODE 69,NODE 92,2024-03-10 06:20:00
NODE 54,NODE 81,2024-03-11 05:10:00
NODE 29,NODE 80,2024-03-10 03:05:00
NODE 67,NODE 78,2024-03-11 23:50:00
NODE 60,NODE 66,2024-03-12 05:45:00
NODE 50,NODE 83,2024-03-11 05:55:00
NODE 14,NODE 84,2024-03-11 17:40:00
NODE 50,NODE 69,2024-03-12 20:15:00
NODE 76,NODE 32,2024-03-10 04:40:00
NODE 24,NODE 88,2024-03-11 13:50:00
NODE 90,NODE 33,2024-03-11 05:50:00
NODE 3,NODE 51,2024-03-10 07:15:00
NODE 93,NODE 70,2024-03-11 16:35:00
NODE 92,NODE 27,2024-03-11 23:45:00
NODE 91,NODE 54,2024-03-10 08:10:00
NODE 18,NODE 99,2024-03-10 13:25:00
NODE 94,NODE 54,2024-03-10 08:30:00
NODE 30,NODE 77,2024-03-12 18:45:00
NODE 46,NODE 55,2024-03-11 07:00:00
NODE 56,NODE 93,2024-03-11 19:35:00
NODE 90,NODE 29,2024-03-11 12:30:00
NODE 33,NODE 12,2024-03-12 14:05:00
NODE 47,NODE 42,2024-03-12 11:20:00
NODE 11,NODE 67,2024-03-11 08:20:00
NODE 77,NODE 89,2024-03-10 13:15:00
NODE 44,NODE 73,2024-03-10 14:15:00
NODE 45,NODE 24,2024-03-10 14:15:00
NODE 85,NODE 65,2024-03-11 12:30:00
NODE 41,NODE 86,2024-03-11 18:05:00
NODE 74,NODE 96,2024-03-10 03:15:00
NODE 36,NODE 63,2024-03-10 18:05:00
NODE 23,NODE 83,2024-03-12 04:05:00
NODE 33,NODE 22,2024-03-12 04:20:00
NODE 59,NODE 41,2024-03-11 01:55:00
NODE 30,NODE 80,2024-03-11 16:00:00
NODE 17,NODE 45,2024-03-11 17:45:00
NODE 58,NODE 29,2024-03-12 01:00:00
NODE 74,NODE 45,2024-03-13 08:10:00
NODE 95,NODE 4,2024-03-10 16:45:00
NODE 13,NODE 69,2024-03-13 06:00:00
NODE 97,NODE 32,2024-03-10 04:25:00
NODE 2,NODE 34,2024-03-11 21:40:00
NODE 34,NODE 4,2024-03-12 10:50:00
NODE 88,NODE 71,2024-03-11 15:55:00
NODE 81,NODE 12,2024-03-12 13:20:00
NODE 82,NODE 45,2024-03-13 00:40:00
NODE 69,NODE 19,2024-03-12 12:00:00
NODE 46,NODE 45,2024-03-13 04:05:00
NODE 42,NODE 14,2024-03-10 12:30:00
NODE 85,NODE 59,2024-03-11 11:30:00
NODE 32,NODE 2,2024-03-10 10:55:00
NODE 69,NODE 3,2024-03-12 06:20:00
NODE 0,NODE 88,2024-03-12 21:15:00
NODE 45,NODE 51,2024-03-11 01:10:00
NODE 99,NODE 81,2024-03-10 14:35:00
NODE 36,NODE 32,2024-03-13 10:10:00
NODE 70,NODE 82,2024-03-12 17:25:00
NODE 26,NODE 90,2024-03-12 03:40:00
NODE 71,NODE 11,2024-03-12 09:25:00
NODE 89,NODE 83,2024-03-10 10:20:00
NODE 11,NODE 93,2024-03-12 03:55:00
NODE 99,NODE 50,2024-03-12 22:50:00
NODE 82,NODE 94,2024-03-13 05:05:00
NODE 13,NODE 62,2024-03-10 00:15:00
NODE 87,NODE 3,2024-03-12 05:20:00
NODE 87,NODE 31,2024-03-12 18:55:00
NODE 84,NODE 45,2024-03-10 00:30:00
NODE 8,NODE 73,2024-03-12 18:15:00
NODE 78,NODE 14,2024-03-11 03:10:00
NODE 43,NODE 38,2024-03-10 05:45:00
NODE 46,NODE 91,2024-03-13 08:45:00
NODE 30,NODE 89,2024-03-11 16:35:00
NODE 86,NODE 63,2024-03-13 11:15:00
NODE 17,NODE 81,2024-03-12 19:40:00
NODE 24,NODE 50,2024-03-12 06:10:00
NODE 16,NODE 15,2024-03-11 01:50:00
NODE 24,NODE 31,2024-03-12 19:20:00
NODE 82,NODE 83,2024-03-13 10:50:00
NODE 63,NODE 72,2024-03-11 00:50:00
NODE 44,NODE 18,2024-03-11 05:15:00
NODE 1,NODE 20,2024-03-10 08:30:00
NODE 17,NODE 69,2024-03-12 08:35:00
NODE 88,NODE 85,2024-03-10 17:10:00
NODE 60,NODE 92,2024-03-10 06:00:00
NODE 36,NODE 56,2024-03-12 08:20:00
NODE 93,NODE 21,2024-03-10 00:30:00
NODE 51,NODE 62,2024-03-12 07:55:00
NODE 15,NODE 84,2024-03-11 12:15:00
NODE 1,NODE 91,2024-03-12 14:40:00
NODE 35,NODE 23,2024-03-10 18:00:00
NODE 19,NODE 38,2024-03-13 05:50:00
NODE 48,NODE 19,2024-03-12 22:20:00
NODE 39,NODE 41,2024-03-13 04:20:00
NODE 2,NODE 79,2024-03-11 20:50:00
NODE 96,NODE 68,2024-03-10 04:35:00
NODE 54,NODE 17,2024-03-10 18:05:00
NODE 45,NODE 72,2024-03-13 08:30:00
NODE 92,NODE 61,2024-03-10 23:05:00
NODE 53,NODE 51,2024-03-11 16:05:00
NODE 79,NODE 91,2024-03-10 22:20:00
NODE 67,NODE 74,2024-03-10 18:35:00
NODE 51,NODE 3,2024-03-13 07:30:00
NODE 95,NODE 72,2024-03-11 21:35:00
NODE 81,NODE 76,2024-03-11 21:35:00
NODE 89,NODE 64,2024-03-11 14:55:00
NODE 97,NODE 98,2024-03-13 06:25:00
NODE 33,NODE 48,2024-03-11 05:15:00
NODE 75,NODE 58,2024-03-11 16:10:00
NODE 53,NODE 72,2024-03-12 10:20:00
NODE 84,NODE 73,2024-03-11 09:40:00
NODE 30,NODE 43,2024-03-10 03:50:00
NODE 97,NODE 56,2024-03-10 22:55:00
